01.0001	BU	sattAyAm
01.0002	eDa~\	vfdDO
01.0003	sparDa~\	saNGarze
01.0004	gADf~\	pratizWAlipsayorgranthe ca
01.0005	bADf~\	loqane
01.0006	nADf~\	yAcYopatApESvaryASIzzu
01.0007	nATf~\	yAcYopatApESvaryASIzzu
01.0008	daDa~\	DAraRe
01.0009	skudi~\	ApravaRe
01.0010	Svidi~\	SvEtye
01.0011	vadi~\	aBivAdanastutyoH
01.0012	Badi~\	kalyARe suKe ca
01.0013	madi~\	stutimodamadasvapnakAntigatizu
01.0014	spadi~\	kiYciccalane
01.0015	klidi~\	paridevane
01.0016	muda~\	harze
01.0017	dada~\	dAne
01.0018	zvada~\	AsvAdane
01.0019	svarda~\	AsvAdane
01.0020	urda~\	mAne krIqAyAM AsvAdane ca
01.0021	kurda~\	krIqAyAmeva
01.0022	Kurda~\	krIqAyAmeva
01.0023	gurda~\	krIqAyAmeva
01.0024	guda~\	krIqAyAmeva
01.0025	zUda~\	kzaraRe
01.0026	hrAda~\	avyakte Sabde
01.0027	hlAdI~\	avyakte Sabde suKe ca
01.0028	svAda~\	AsvAdane
01.0029	parda~\	kutsite Sabde
01.0030	yatI~\	prayatne
01.0031	yutf~\	BAsane
01.0032	jutf~\	BAsane
01.0033	viTf~\	yAcane
01.0034	veTf~\	yAcane
01.0035	SraTi~\	SETilye
01.0036	graTi~\	kOwilye
01.0037	katTa~\	SlAGAyAm
01.0038	ata~	sAtatyagamane
01.0039	citI~	saYjYAne
01.0040	cyuti~r	Asecane
01.0041	Scuti~r	Asecane
01.0042	Scyuti~r	kzaraRe
01.0043	jyuti~r	BAsane
01.0044	manTa~	hiMsAsaNkleSanayoH
01.0045	kuTi~	hiMsAsaNkleSanayoH
01.0046	puTi~	hiMsAsaNkleSanayoH
01.0047	luTi~	hiMsAsaNkleSanayoH
01.0048	maTi~	viloqane
01.0049	ziDa~	gatyAm
01.0050	ziDU~	SAstre mANgalye ca
01.0051	KAdf~	BakzaRe
01.0052	Kada~	sTErye hiMsAyAM bhakzaRe ca
01.0053	bada~	sTErye
01.0054	gada~	vyaktAyAM vAci
01.0055	rada~	vileKane
01.0056	Rada~	avyakte Sabde
01.0057	arda~	gatO yAcane ca
01.0058	narda~	Sabde
01.0059	garda~	Sabde
01.0060	tarda~	hiMsAyAm
01.0061	karda~	kutsite Sabde
01.0062	Karda~	dandaSUke
01.0063	ati~	banDane
01.0064	adi~	banDane
01.0065	idi~	paramESvarye
01.0066	bidi~	avayave
01.0067	Bidi~	avayave
01.0068	gaqi~	vadanEkadeze
01.0069	Ridi~	kutsAyAm
01.0070	wunadi~	samfdDO
01.0071	cadi~	AhlAde dIptO ca
01.0072	tradi~	cezwAyAm
01.0073	kadi~	AhvAne rodane ca
01.0074	kradi~	AhvAne rodane ca
01.0075	kladi~	AhvAne rodane ca
01.0076	klidi~	paridevane
01.0077	SunDa~	SudDO
01.0078	SIkf~\	secane
01.0079	sIkf~\	secane
01.0080	lokf~\	darSane
01.0081	Slokf~\	saNGAte
01.0082	srokf~\	saNGAte iti pAWAntaram
01.0083	drekf~\	SabdotsAhayoH
01.0084	Drekf~\	SabdotsAhayoH
01.0085	rekf~\	SaNkAyAm
01.0086	sekf~\	gatO
01.0087	srekf~\	gatO
01.0088	sraki~\	gatO
01.0089	Sraki~\	gatO
01.0090	Slaki~\	gatO
01.0091	Saki~\	SaNkAyAm
01.0092	aki~\	lakzaRe
01.0093	vaki~\	kOWilye
01.0094	maki~\	maRqane
01.0095	kaka~\	lOlye
01.0096	kuka~\	AdAne
01.0097	vfka~\	AdAne
01.0098	caka~\	tfptO pratIGAte ca
01.0099	kaki~\	gatO
01.0100	vaki~\	gatO
01.0101	Svaki~\	gatO
01.0102	traki~\	gatO
01.0103	QOkf~\	gatO
01.0104	trOkf~\	gatO
01.0105	zvazka~\	gatO
01.0106	vaska~\	gatO
01.0107	maska~\	gatO
01.0108	wikf~\	gatO
01.0109	wIkf~\	gatO
01.0110	tikf~\	gatO
01.0111	tIkf~\	gatO
01.0112	raGi~\	gatO
01.0113	laGi~\	gatO BojananivfttO ca
01.0114	zvaki~\	gatO
01.0115	aGi~\	gatyAkzepe
01.0116	vaGi~\	gatyAkzepe
01.0117	maGi~\	gatyAkzepe gatyAramBe kEtave ca
01.0118	rAGf~\	sAmarTye
01.0119	lAGf~\	sAmarTye
01.0120	drAGf~\	sAmarTye AyAme ca
01.0121	DrAGf~\	sAmarTye ityapi kecit
01.0122	SlAGf~\	katTane
01.0123	Pakka~	nicErgatO
01.0124	taka~	hasane
01.0125	taki~	kfcCrajIvane
01.0126	bukka~	BazaRe
01.0127	Suka~	gatO
01.0128	kaKa~	hasane
01.0129	oKf~	SozaRAlamarTyoH
01.0130	rAKf~	SozaRAlamarTyoH
01.0131	lAKf~	SozaRAlamarTyoH
01.0132	drAKf~	SozaRAlamarTyoH
01.0133	DrAKf~	SozaRAlamarTyoH
01.0134	SAKf~	vyAptO
01.0135	SlAKf~	vyAptO
01.0136	uKa~	gatO
01.0137	uKi~	gatO
01.0138	vaKa~	gatO
01.0139	vaKi~	gatO
01.0140	maKa~	gatO
01.0141	maKi~	gatO
01.0142	RaKa~	gatO
01.0143	RaKi~	gatO
01.0144	raKa~	gatO
01.0145	raKi~	gatO
01.0146	laKa~	gatO
01.0147	laKi~	gatO
01.0148	iKa~	gatO
01.0149	iKi~	gatO
01.0150	IKa~	gatO
01.0151	IKi~	gatO
01.0152	valga~	gatO
01.0153	ragi~	gatO
01.0154	lagi~	gatO
01.0155	agi~	gatO
01.0156	vagi~	gatO
01.0157	magi~	gatO
01.0158	tagi~	gatO
01.0159	tvagi~	gatO
01.0160	tragi~	gatO
01.0161	Sragi~	gatO
01.0162	Slagi~	gatO
01.0163	igi~	gatO
01.0164	rigi~	gatO
01.0165	ligi~	gatO
01.0166	muKi~	gatO
01.0167	Taki~	gatO
01.0168	riKa~	gatO
01.0169	riKi~	gatO
01.0170	liKa~	gatO
01.0171	liKi~	gatO
01.0172	traKa~	gatO
01.0173	triKi~	gatO
01.0174	SiKi~	gatO
01.0175	yugi~	varjane
01.0176	jugi~	varjane
01.0177	bugi~	varjane
01.0178	vugi~	varjane
01.0179	GaGa~	hasane
01.0180	GagGa~	hasane
01.0181	daGi~	pAlane
01.0182	laGi~	-
01.0183	maGi~	-
01.0184	SiGi~	AGrARe
01.0185	arGa~	mUlye
01.0186	varca~\	dIptO
01.0187	zaca~\	-
01.0188	locf~\	darSane
01.0189	Saca~\	vyaktAyAM vAci
01.0190	Svaca~\	gatO
01.0191	Svaci~\	gatO
01.0192	kaca~\	banDane
01.0193	kaci~\	dIptibanDanayoH
01.0194	kAci~\	dIptibanDanayoH
01.0195	maca~\	kalkane kaTane ca
01.0196	muci~\	kalkane kaTane ca
01.0197	maci~\	DAraRocCrAyapUjanezu
01.0198	paci~\	vyaktIkaraRe
01.0199	zwuca~\	prasAde
01.0200	fja~\	gatisTAnArjanopArjanezu
01.0201	fji~\	Barjane
01.0202	BfjI~\	Barjane
01.0203	ejf~\	-
01.0204	Brejf~\	dIptO
01.0205	BrAjf~\	dIptO
01.0206	rejf~\	dIptO
01.0207	Ija~\	gatikutsanayoH
01.0208	Iji~\	gatikutsanayoH
01.0209	vIja~\	gatO
01.0210	Suca~	Soke
01.0211	kuca~	-
01.0212	kunca~	kOwilyAlpIBAvayoH
01.0213	krunca~	kOwilyAlpIBAvayoH
01.0214	lunca~	apanayane
01.0215	ancu~	-
01.0216	vancu~	gatO
01.0217	cancu~	gatO
01.0218	tancu~	gatO
01.0219	tvancu~	gatO
01.0220	mruncu~	gatO
01.0221	mluncu~	gatO
01.0222	mrucu~	gatO
01.0223	mlucu~	gatO
01.0224	grucu~	steyakaraRe
01.0225	glucu~	steyakaraRe
01.0226	kuju~	steyakaraRe
01.0227	Kuju~	steyakaraRe
01.0228	glunca~	gatO
01.0229	zasja~	gatO
01.0230	guja~	avyakte Sabde
01.0231	guji~	avyakte Sabde
01.0232	arca~	pUjAyAm
01.0233	mleCa~	avyakte Sabde
01.0234	laCa~	lakzaRe
01.0235	lACi~	lakzaRe
01.0236	vACi~	icCAyAm
01.0237	ACi~	AyAme
01.0238	hrICa~	lajjAyAm
01.0239	hurCA~	kOwilye
01.0240	murCA~	mohanasamucCrAyayoH
01.0241	sPurCA~	vistftO
01.0242	yuCa~	pramAde
01.0243	uCi~	uYCe
01.0244	uCI~	vivAse
01.0245	Draja~	gatO
01.0246	Draji~	gatO
01.0247	vraja~	gatO
01.0248	vraji~	gatO
01.0249	Dfja~	gatO
01.0250	Dfji~	gatO
01.0251	Dvaja~	gatO
01.0252	Dvaji~	gatO
01.0253	Drija~	gatO ca
01.0254	kUja~	avyakte Sabde
01.0255	kuji~	avyakte Sabde
01.0256	arja~	arjane
01.0257	zarja~	arjane
01.0258	garja~	Sabde
01.0259	tarja~	Bartsane
01.0260	karja~	vyaTane
01.0261	Karja~	-
01.0262	aja~	gatikzapanayoH
01.0263	teja~	pAlane
01.0264	Kaja~	manTe
01.0265	kaja~	made
01.0266	Kaji~	gativEkalye
01.0267	ejf~	-
01.0268	wuo~sPUrjA~	vajranirGoze
01.0269	kzi\	kzaye
01.0270	kzIja~	avyakte Sabde
01.0271	laja~	Barjane
01.0272	laji~	Barjane
01.0273	lAja~	Barjane Bartsane ca
01.0274	lAji~	Barjane Bartsane ca
01.0275	jaja~	yudDe
01.0276	jaji~	yudDe
01.0277	tuja~	hiMsAyAm
01.0278	tuji~	-
01.0279	gaja~	-
01.0280	gaji~	SabdArTaH
01.0281	gfja~	SabdArTaH gaja! madane ca
01.0282	gfji~	SabdArTaH
01.0283	muja~	SabdArTaH
01.0284	muji~	SabdArTAH
01.0285	vaja~	gatO
01.0286	vraja~	gatO
01.0287	adwa~\	atikramaRahiMsanayoH atikramahiMsayoH
01.0288	vezwa~\	vezwane
01.0289	cezwa~\	cezwAyAm
01.0290	gozwa~\	saNGAte
01.0291	lozwa~\	saNGAte
01.0292	Gawwa~\	calane
01.0293	sPuwa~\	vikasane
01.0294	aWi~\	gatO
01.0295	vaWi~\	ekacaryAyAm
01.0296	maWi~\	Soke
01.0297	kaWi~\	Soke
01.0298	muWi~\	pAlane
01.0299	heWa~\	vibADAyAm
01.0300	eWa~\	ca vibADAyAM
01.0301	hiqi~\	gatyanAdarayoH
01.0302	huqi~\	-
01.0303	kuqi~\	-
01.0304	vaqi~\	viBAjane
01.0305	maqi~\	-
01.0306	Baqi~\	pariBAzaRe
01.0307	piqi~\	saNGAte
01.0308	muqi~\	-
01.0309	tuqi~\	toqane
01.0310	huqi~\	-
01.0311	sPuqi~\	vikasane
01.0312	caqi~\	kope
01.0313	Saqi~\	rujAyAM saNGAte ca
01.0314	taqi~\	tAqane
01.0315	paqi~\	gatO
01.0316	kaqi~\	-
01.0317	Kaqi~\	manTe
01.0318	heqf~\	anAdare
01.0319	hoqf~\	-
01.0320	bAqf~\	AplAvye
01.0321	vAqf~\	AplAvye
01.0322	drAqf~\	viSareRe
01.0323	DrAqf~\	viSareRe
01.0324	SAqf~\	SlAGAyAm
01.0325	SOwf~	garve
01.0326	yOwf~	banDe
01.0327	mrewf~	unmAde
01.0328	mreqf~	unmAde
01.0329	mlewf~	unmAde
01.0330	cawe~	gatO
01.0331	kawe~	varzAvaraRayoH
01.0332	awa~	gatO
01.0333	pawa~	gatO
01.0334	rawa~	pariBAzaRe
01.0335	lawa~	bAlye
01.0336	Sawa~	rujAviSaraRagatyavasAdanezu
01.0337	vawa~	-
01.0338	kiwa~	-
01.0339	Kiwa~	trAse
01.0340	Siwa~	anAdare
01.0341	ziwa~	anAdare
01.0342	jawa~	saNGAte
01.0343	Jawa~	saNGAte
01.0344	Bawa~	-
01.0345	tawa~	ucCrAye
01.0346	Kawa~	kANkzAyAm
01.0347	Rawa~	-
01.0348	piwa~	-
01.0349	hawa~	SabdasaNGAtayoH dIptO ca
01.0350	zawa~	avayave
01.0351	luwa~	-
01.0352	luqa~	viloqane
01.0353	ciwa~	paraprEzye paraprezye
01.0354	viwa~	Sabde
01.0355	biwa~	AkroSe
01.0356	hiwa~	AkroSe
01.0357	iwa~	gatO
01.0358	kiwa~	-
01.0359	kawI~	varzAvaraRayoH
01.0360	heWa~	vibADAyAm
01.0361	maqi~	-
01.0362	kuqi~	-
01.0363	kuwi~	vEkalye
01.0364	muqa~	muwa!' mardane pramardane
01.0365	puqa~	puwa! mardane pramardane
01.0366	muwa~	mardane pramardane
01.0367	puwa~	mardane pramardane
01.0368	cuqi~	alpIBAve
01.0369	muqi~	-
01.0370	puqi~	KaRqane cetyeke
01.0371	ruwi~	steye
01.0372	luwi~	steye
01.0373	ruWi~	-
01.0374	luWi~	-
01.0375	ruqi~	steye ityapare
01.0376	luqi~	steye ityapare
01.0377	vawi~	viBAjane
01.0378	bawi~	viBAjane
01.0379	sPuwi~r	viSaraRe
01.0380	sPuwi~	viSaraRe ityapi kecit
01.0381	paWa~	vyaktAyAM vAci
01.0382	vaWa~	sTOlye
01.0383	baWa~	sTOlye
01.0384	maWa~	madanivAsayoH
01.0385	kaWa~	kfcCrajIvane
01.0386	raWa~	pariBAzaRe
01.0387	rawa~	pariBAzaRe
01.0388	haWa~	plutiSaWatvayoH balAtkAra ityanye
01.0389	ruWa~	upaGAte
01.0390	luWa~	-
01.0391	UWa~	upaGAte
01.0392	uWa~	upaGAte pratiGAte
01.0393	piWa~	hiMsAsaNkleSanayoH
01.0394	SaWa~	hiMsAsaNkleSanayoH kEtave ca
01.0395	SuWa~	gatipratiGAte pratiGAte
01.0396	SuWi~	-
01.0397	kuWi~	-
01.0398	luWi~	-
01.0399	SuWi~	-
01.0400	ruWi~	-
01.0401	luWi~	-
01.0402	cuqqa~	BAvakaraRe
01.0403	aqqa~	aBiyoge
01.0404	kaqqa~	kArkaSye
01.0405	krIqf~	vihAre
01.0406	tuqf~	toqane
01.0407	tUqf~	toqane
01.0408	huqf~	gatO
01.0409	hUqf~	gatO
01.0410	hoqf~	-
01.0411	rOqf~	anAdare
01.0412	roqf~	unmAde
01.0413	loqf~	unmAde
01.0414	aqa~	udyame
01.0415	laqa~	vilAse
01.0416	lala~	vilAse
01.0417	kaqa~	made
01.0418	kaqi~	-
01.0419	gaqi~	vadanEkadeze
01.0420	ti\pf~\	kzaraRe
01.0421	tepf~\	kzaraRe kampane ca
01.0422	zwipf~\	kzaraRe
01.0423	zwepf~\	kzaraRe
01.0424	glepf~\	-
01.0425	wuvepf~\	kampane
01.0426	kepf~\	kampane gatO ca
01.0427	gepf~\	-
01.0428	glepf~\	-
01.0429	mepf~\	gatO
01.0430	repf~\	-
01.0431	lepf~\	gatO
01.0432	hepf~\	ca gatO
01.0433	Depf~\	ca gatO
01.0434	trapU~\z	lajjAyAm
01.0435	kapi~\	calane
01.0436	rabi~\	Sabde
01.0437	labi~\	-
01.0438	abi~\	Sabde
01.0439	labi~\	-
01.0440	kabf~\	varRe
01.0441	klIbf~\	aDArzWye
01.0442	kzIbf~\	made
01.0443	kzIvf~\	made
01.0444	SIBf~\	katTane ca
01.0445	bIBf~\	katTane ca
01.0446	cIBf~\	ca katTane
01.0447	reBf~\	Sabde
01.0448	aBi~\	Sabde kvacitpaWyate
01.0449	raBi~\	Sabde kvacitpaWyate
01.0450	laBi~\	ca Sabde kvacitpaWyate
01.0451	zwaBi~\	pratibanDe
01.0452	skaBi~\	pratibanDe
01.0453	jaBI~\	gAtravinAme
01.0454	jfBi~\	gAtravinAme
01.0455	SalBa~\	katTane
01.0456	valBa~\	Bojane
01.0457	galBa~\	DArzwye
01.0458	SranBu~\	pramAde
01.0459	sranBu~\	-
01.0460	zwuBu~\	stamBe
01.0461	gupU~	rakzaRe
01.0462	DUpa~	santApe
01.0463	japa~	-
01.0464	jalpa~	vyaktAyAM vAci
01.0465	capa~	sAntvane
01.0466	zapa~	samavAye
01.0467	rapa~	vyaktAyAM vAci
01.0468	lapa~	vyaktAyAM vAci
01.0469	cupa~	mandAyAM gatO
01.0470	tupa~	hiMsArTaH
01.0471	tunpa~	hiMsArTaH
01.0472	trupa~	hiMsArTaH
01.0473	trunpa~	hiMsArTaH
01.0474	tuPa~	hiMsArTaH
01.0475	tunPa~	hiMsArTaH
01.0476	truPa~	hiMsArTaH
01.0477	trunPa~	hiMsArTAH
01.0478	parpa~	gatO
01.0479	raPa~	gatO
01.0480	raPi~	gatO
01.0481	arba~	gatO
01.0482	parba~	gatO
01.0483	larba~	gatO
01.0484	barba~	gatO
01.0485	marba~	gatO
01.0486	karba~	gatO
01.0487	Karba~	gatO
01.0488	garba~	gatO
01.0489	Sarba~	gatO
01.0490	zarba~	gatO
01.0491	carba~	gatO carba! adane ca
01.0492	kubi~	-
01.0493	lubi~	ardane
01.0494	tubi~	ardane
01.0495	cubi~	vaktrasaMyoge
01.0496	zfBu~	hiMsArTaH
01.0497	zfnBu~	hiMsArTO
01.0498	ziBu~	hiMsArTaH
01.0499	zinBu~	hiMsArTaH
01.0500	SuBa~	-
01.0501	SunBa~	BAzane BAsana hiMsAyAM dIptO ca
01.0502	GiRi~\	grahaRe
01.0503	GuRi~\	grahaRe
01.0504	GfRi~\	grahaRe
01.0505	GuRa~\	BramaRe
01.0506	GUrRa~\	BramaRe
01.0507	paRa~\	vyavahAre stutO ca
01.0508	pana~\	ca vyavahAre stutO ca
01.0509	BAma~\	kroDe
01.0510	kzamU~\z	sahane
01.0511	kamu~\	kAntO
01.0512	aRa~	Sabde
01.0513	raRa~	Sabde
01.0514	vaRa~	Sabde
01.0515	BaRa~	Sabde
01.0516	maRa~	Sabde
01.0517	kaRa~	Sabde
01.0518	kvaRa~	Sabde
01.0519	vraRa~	Sabde
01.0520	BraRa~	Sabde
01.0521	DvaRa~	Sabde
01.0522	DaRa~	Sabde
01.0523	oRf~	apanayane
01.0524	SoRf~	varRagatyoH
01.0525	SroRf~	saNGAte
01.0526	SloRf~	saNGAte
01.0527	pERf~	gatipreraRaSlezaRezu
01.0528	prERf~	ityapi gatipreraRaSlezaRezu
01.0529	DraRa~	Sabde
01.0530	baRa~	Sabde
01.0531	kanI~	dIptikAntigatizu
01.0532	zwana~	Sabde
01.0533	vana~	Sabde
01.0534	vana~	samBaktO
01.0535	zana~	samBaktO
01.0536	ama~	gatO Sabde samBaktO ca
01.0537	drama~	gatO
01.0538	hamma~	gatO
01.0539	mImf~	-
01.0540	camu~	adane
01.0541	Camu~	adane
01.0542	jamu~	adane
01.0543	Jamu~	adane
01.0544	jimu~	adane
01.0545	kramu~	pAdavikzepe
01.0546	aya~\	-
01.0547	vaya~\	gatO
01.0548	paya~\	gatO
01.0549	maya~\	gatO
01.0550	caya~\	gatO
01.0551	taya~\	-
01.0552	Raya~\	-
01.0553	daya~\	dAnagatirakzaRahiMsAdAnezu
01.0554	raya~\	gatO
01.0555	laya~\	gatO
01.0556	UyI~\	tantusantAne
01.0557	pUyI~\	viSaraRe durganDe ca
01.0558	knUyI~\	Sabda unde ca
01.0559	kzmAyI~\	viDUnane
01.0560	sPAyI~\	vfdDO
01.0561	o~pyAyI~\	vfdDO
01.0562	tAyf~\	santAnapAlanayoH
01.0563	Sala~\	-
01.0564	vala~\	saMvaraRe saYcalane ca
01.0565	valla~\	saMvaraRe saYcalane ca
01.0566	mala~\	DAraRe
01.0567	malla~\	DAraRe
01.0568	Bala~\	pariBAzaRahiMsAdAnezu
01.0569	Balla~\	pariBAzaRahiMsAdAnezu
01.0570	kala~\	SabdasaNKyAnayoH
01.0571	kalla~\	avyakte Sabde aSabda ityeke
01.0572	tevf~\	devane
01.0573	devf~\	devane
01.0574	zevf~\	sevane
01.0575	gevf~\	sevane
01.0576	glevf~\	sevane
01.0577	pevf~\	sevane
01.0578	mevf~\	sevane
01.0579	mlevf~\	sevane
01.0580	Sevf~\	sevane ityapyeke
01.0581	Kevf~\	sevane ityapyeke
01.0582	plevf~\	sevane ityapyeke
01.0583	kevf~\	sevane ityapyeke
01.0584	revf~\	plavagatO
01.0585	mavya~	banDane
01.0586	zUrkzya~	IrzyArTaH
01.0587	Irkzya~	IrzyArTaH
01.0588	Irzya~	IrzyArTAH
01.0589	haya~	gatO
01.0590	Sucya~	aBizave
01.0591	cucya~	aBizave ityeke
01.0592	harya~	gatikAntyoH
01.0593	ala~	BUzaRaparyAptivAraRezu
01.0594	YiPalA~	viSaraRe
01.0595	mIla~	nimezaRe
01.0596	SmIla~	nimezaRe
01.0597	smIla~	nimezaRe
01.0598	kzmIla~	nimezaRe
01.0599	pIla~	pratizwamBe
01.0600	RIla~	varRe
01.0601	SIla~	-
01.0602	kIla~	banDane
01.0603	kUla~	AvaraRe
01.0604	SUla~	rujAyAM saNGAte ca
01.0605	tUla~	nizkarze
01.0606	pUla~	saNGAte
01.0607	mUla~	pratizWAyAm
01.0608	Pala~	nizpattO
01.0609	culla~	BAvakaraRe
01.0610	Pulla~	vikasane
01.0611	cilla~	SETilye BAvakaraRe ca
01.0612	tila~	gatO
01.0613	tilla~	gatO ityeke
01.0614	velf~	calane
01.0615	celf~	calane
01.0616	kelf~	calane
01.0617	Kelf~	calane
01.0618	kzvelf~	calane
01.0619	vella~	calane
01.0620	vehla~	calane
01.0621	pelf~	gatO
01.0622	Pelf~	gatO
01.0623	Self~	gatO
01.0624	zelf~	gatO ityeke
01.0625	sKala~	saYcalane
01.0626	Kala~	-
01.0627	gala~	-
01.0628	zala~	gatO
01.0629	dala~	viSaraRe
01.0630	Svala~	ASugamane
01.0631	Svalla~	ASugamane
01.0632	Kolf~	gatipratiGAte
01.0633	Korf~	gatipratiGAte
01.0634	Dorf~	gaticAturye
01.0635	tsara~	CadmagatO
01.0636	kmara~	hUrCane
01.0637	aBra~	gatO
01.0638	vaBra~	gatO
01.0639	maBra~	gatO
01.0640	cara~	gatO BakzaRe ca
01.0641	zWivu~	nirasane
01.0642	ji\	jaye
01.0643	jIva~	prARaDAraRe
01.0644	pIva~	sTOlye
01.0645	mIva~	sTOlye
01.0646	tIva~	sTOlye
01.0647	RIva~	sTOlye
01.0648	kzivu~	nirasane
01.0649	kzevu~	nirasane
01.0650	urvI~	hiMsArTaH
01.0651	turvI~	hiMsArTaH
01.0652	TurvI~	hiMsArTaH
01.0653	durvI~	hiMsArTaH
01.0654	DurvI~	hiMsArTAH
01.0655	gurvI~	udyamane
01.0656	murvI~	banDane
01.0657	purva~	pUraRe
01.0658	parva~	pUraRe
01.0659	marva~	pUraRe
01.0660	carva~	adane
01.0661	Barva~	hiMsAyAm
01.0662	Barba~	hiMsAyAm ityeke
01.0663	BarBa~	hiMsAyAm ityanye
01.0664	karva~	darpe
01.0665	Karva~	darpe
01.0666	garva~	darpe
01.0667	arva~	hiMsAyAm
01.0668	Sarva~	hiMsAyAm
01.0669	zarva~	hiMsAyAm
01.0670	ivi~	-
01.0671	pivi~	sevane secane ca
01.0672	mivi~	sevane secane ca
01.0673	Rivi~	sevane secane ca
01.0674	zivi~	sevane secane ca
01.0675	hivi~	prIRanArTaH
01.0676	divi~	prIRanArTaH
01.0677	Divi~	prIRanArTaH
01.0678	jivi~	prIRanArTAH
01.0679	rivi~	gatO
01.0680	ravi~	gatO
01.0681	Davi~	gatO
01.0682	kfvi~	hiMsAkaraRayoSca
01.0683	mava~	banDane
01.0684	ava~	-
01.0685	DAvu~^	gatiSudDyoH
01.0686	Dukza~\	sandIpanakleSanajIvanezu
01.0687	Dikza~\	sandIpanakleSanajIvanezu
01.0688	vfkza~\	varaRe
01.0689	Sikza~\	vidyopAdAne
01.0690	Bikza~\	BikzAyAmalABe lABe ca
01.0691	kleSa~\	avyaktAyAM vAci
01.0692	dakza~\	-
01.0693	dIkza~\	mORqyejyopanayananiyamavratAdeSezu
01.0694	Ikza~\	darSane
01.0695	Iza~\	-
01.0696	BAza~\	vyaktAyAM vAci
01.0697	varza~\	snehane
01.0698	gezf~\	anvicCAyAm
01.0699	glezf~\	anvicCAyAm ityeke
01.0700	pezf~\	prayatne
01.0701	ezf~\	-
01.0702	yezf~\	prayatne ityanye
01.0703	jezf~\	gatO
01.0704	Rezf~\	gatO
01.0705	ezf~\	-
01.0706	prezf~\	gatO
01.0707	rezf~\	avyakte Sabde
01.0708	hezf~\	avyakte Sabde
01.0709	hrezf~\	avyakte Sabde
01.0710	kAsf~\	SabdakutsAyAm
01.0711	BAsf~\	dIptO
01.0712	RAsf~\	Sabde
01.0713	rAsf~\	Sabde
01.0714	Rasa~\	kOwilye
01.0715	Byasa~\	Baye
01.0716	zasi~\	icCAyAm
01.0717	grasu~\	adane
01.0718	glasu~\	adane
01.0719	Iha~\	cezwAyAm
01.0720	bahi~\	vfdDO
01.0721	mahi~\	vfdDO
01.0722	ahi~\	gatO
01.0723	garha~\	kutsAyAm
01.0724	galha~\	kutsAyAm
01.0725	barha~\	-
01.0726	balha~\	-
01.0727	varha~\	pariBAzaRahiMsAcCAdanezu
01.0728	valha~\	-
01.0729	pliha~\	gatO
01.0730	vehf~\	prayatne
01.0731	jehf~\	prayatne jehf! gatAvapi
01.0732	bAhf~\	prayatne
01.0733	drAhf~\	nidrAkzaye nikzepa ityeke
01.0734	kASf~\	dIptO
01.0735	Uha~\	vitarke
01.0736	gAhU~\	viloqane
01.0737	gfhU~\	grahaRe
01.0738	glaha~\	grahaRe ca apAdAne
01.0739	Gaza~\	Sabde
01.0740	Guzi~\	kAntikaraRe iti kecit
01.0741	Guzi~r	aviSabdane Sabda ityanye peWuH
01.0742	akzU~	vyAptO
01.0743	takzU~	tvacane
01.0744	tvakzU~	tanUkaraRe
01.0745	ukza~	secane
01.0746	rakza~	pAlane
01.0747	Rikza~	cumbane
01.0748	trakza~	gatO
01.0749	zwrakza~	gatO
01.0750	tfkza~	gatO
01.0751	zwfkza~	gatO
01.0752	Rakza~	gatO
01.0753	vakza~	roze saNGAta ityeke
01.0754	mfkza~	saNGAte
01.0755	mrakza~	saNGAte ityeke
01.0756	takza~	tanUkaraRe
01.0757	pakza~	parigraha ityeke
01.0758	sUrkza~	Adare
01.0759	zarkza~	Adare iti kecit
01.0760	kAkzi~	kANkzAyAm
01.0761	vAkzi~	kANkzAyAm
01.0762	mAkzi~	kANkzAyAm
01.0763	drAkzi~	-
01.0764	DrAkzi~	-
01.0765	DvAkzi~	DmAkzi! kANkzAyAm GoravAsite ca
01.0766	DmAkzi~	kANkzAyAm GoravAsite ca ityeke
01.0767	cUza~	pAne
01.0768	tUza~	tuzwO
01.0769	pUza~	vfdDO
01.0770	mUza~	steye
01.0771	lUza~	BUzAyAm
01.0772	rUza~	BUzAyAm
01.0773	SUza~	prasave
01.0774	sUza~	prasave ityeke
01.0775	yUza~	hiMsAyAm
01.0776	jUza~	ca hiMsAyAm
01.0777	BUza~	alaNkAre
01.0778	tasi~	alaNkAre
01.0779	Uza~	rujAyAm
01.0780	Iza~	-
01.0781	kaza~	-
01.0782	Kaza~	hiMsArTaH
01.0783	Siza~	hiMsArTaH
01.0784	jaza~	hiMsArTaH
01.0785	Jaza~	-
01.0786	Saza~	hiMsArTaH
01.0787	vaza~	hiMsArTaH
01.0788	maza~	hiMsArTaH
01.0789	ruza~	hiMsArTaH
01.0790	riza~	hiMsArTAH
01.0791	Baza~	Bartsane
01.0792	uza~	dAhe
01.0793	jizu~	secane
01.0794	vi\zu~	secane
01.0795	mizu~	secane
01.0796	Rizu~	secane
01.0797	puza~	puzwO
01.0798	Srizu~	dAhe
01.0799	Slizu~	dAhe
01.0800	pruzu~	dAhe
01.0801	pluzu~	dAhe
01.0802	pfzu~	secane hiMsAsaNkleSanayoSca
01.0803	vfzu~	secane hiMsAsaNkleSanayoSca
01.0804	mfzu~	-
01.0805	Gfzu~	saNGarze
01.0806	hfzu~	alIke
01.0807	tusa~	Sabde
01.0808	hrasa~	Sabde
01.0809	hlasa~	Sabde
01.0810	rasa~	Sabde
01.0811	lasa~	Sabde SlezaRakrIqanayoH ca
01.0812	Gasx~	adane
01.0813	jartsa~	pariBAzaRahiMsAtarjanezu
01.0814	carca~	pariBAzaRahiMsAtarjanezu
01.0815	Jartsa~	pariBAzaRahiMsAtarjanezu
01.0816	pisf~	gatO
01.0817	pesf~	gatO
01.0818	visa~	gatO
01.0819	vesa~	gatO
01.0820	bisa~	gatO
01.0821	besa~	gatO
01.0822	hase~	hasane
01.0823	RiSa~	samADO
01.0824	miSa~	Sabde
01.0825	maSa~	Sabde
01.0826	Sava~	gatO
01.0827	SaSa~	plutagatO
01.0828	Sasu~	hiMsAyAm
01.0829	Sansu~	stutO durgatAvapItyeke iti durgaH
01.0830	caha~	parikalkane
01.0831	maha~	pUjAyAm
01.0832	raha~	tyAge
01.0833	rahi~	gatO
01.0834	dfha~	vfdDO
01.0835	dfhi~	vfdDO
01.0836	bfha~	vfdDO bfhi!r vfhi!r vfdDO Sabde ca ityeke
01.0837	bfhi~	-
01.0838	tuhi~r	ardane
01.0839	duhi~r	ardane
01.0840	uhi~r	ardane
01.0841	arha~	pUjAyAm
01.0842	dyuta~\	dIptO
01.0843	SvitA~\	varRe
01.0844	YimidA~\	snehane
01.0845	YizvidA~\	snehanamocanayoH gAtraprasravaRe snehanamohanayorityeke
01.0846	YikzvidA~\	-
01.0847	ruca~\	dIptAvaBiprItO ca
01.0848	Guwa~\	parivartane
01.0849	ruwa~\	upaGAte pratiGAte
01.0850	luwa~\	-
01.0851	luWa~\	-
01.0852	uWa~\	upaGAte ityeke
01.0853	SuBa~\	-
01.0854	kzuBa~\	saYcalane
01.0855	RaBa~\	hiMsAyAm aBAve'pi
01.0856	tuBa~\	hiMsAyAm
01.0857	sransu~\	avasraMsane
01.0858	Dvansu~\	avasraMsane DvaMsu! gatO ca
01.0859	Bransu~\	avasraMsane
01.0860	BranSu~\	avasraMsane ityapi kecit
01.0861	sranBu~\	-
01.0862	vftu~\	vartane
01.0863	vfDu~\	vfDO
01.0864	SfDu~\	-
01.0865	syandU~\	prasravaRe
01.0866	kfpU~\	sAmarTye
01.0867	Gawa~\	cezwAyAm
01.0868	vyaTa~\	BayasaYcalanayoH
01.0869	praTa~\	praKyAne
01.0870	prasa~\	vistAre
01.0871	mrada~\	mardane
01.0872	sKada~\	sKadane sKadir avapariByAM ca na mit 1954
01.0873	kzaji~\	gatidAnayoH
01.0874	dakza~\	-
01.0875	kfpa~\	krapa!m kapa!m kfpAyAM gatO ca
01.0876	krapa~\	kfpAyAM gatO ca ityeke
01.0877	kapa~\	kfpAyAM gatO ca ityanye
01.0878	kadi~\	-
01.0879	kradi~\	-
01.0880	kladi~\	-
01.0881	kada~\	-
01.0882	krada~\	vEklavye vEkalya ityeke ityanye
01.0883	klada~\	vEklavye vEkalya ityeke ityanye
01.0884	YitvarA~\	samBrame
01.0885	jvara~	roge
01.0886	gaqa~	secane
01.0887	heqa~	-
01.0888	vawa~	-
01.0889	Bawa~	-
01.0890	Rawa~	-
01.0891	zwaka~	pratiGAte pratIGAte
01.0892	caka~	-
01.0893	kaKe~	hasane
01.0894	rage~	SaNkAyAm
01.0895	lage~	saNge
01.0896	hrage~	saMvaraRe
01.0897	hlage~	saMvaraRe
01.0898	zage~	saMvaraRe
01.0899	zWage~	saMvaraRe
01.0900	kage~	nocyate kriyAsAmAnyArTatvAt anekArTatvAdityanye
01.0901	aka~	kuwilAyAM gatO
01.0902	aga~	kuwilAyAM gatO
01.0903	kaRa~	-
01.0904	raRa~	-
01.0905	caRa~	gatO dAne ca
01.0906	SaRa~	gatO dAne ca SaRa! gatAvityanye
01.0907	SraRa~	gatO dAne ca
01.0908	SraTa~	hiMsArTaH
01.0909	SnaTa~	hiMsArTaH
01.0910	SlaTa~	hiMsArTaH
01.0911	knaTa~	hiMsArTaH
01.0912	kraTa~	hiMsArTaH
01.0913	klaTa~	hiMsArTAH
01.0914	cana~	ca hiMsArTaH
01.0915	vanu~	ca nocyate nopalaByate
01.0916	jvala~	-
01.0917	hvala~	saYcalane calane mit anupasargAdvA 1942
01.0918	hmala~	saYcalane calane mit anupasargAdvA 1943
01.0919	smf	-
01.0920	dF	Baye
01.0921	nF	naye
01.0922	-	pAke
01.0923	-	-
01.0924	cala~	-
01.0925	Cadi~r	-
01.0926	laqa~	-
01.0927	madI~	-
01.0928	Dvana~	-
01.0929	dali	-
01.0930	vali	-
01.0931	sKali	-
01.0932	raRi	-
01.0933	Dvana~	-
01.0934	-	-
01.0935	-	-
01.0936	svana~	avataMsane mit
01.0937	janI~	-
01.0938	jFz	-
01.0939	knasu~	-
01.0940	ranjo~	-
01.0941	jvala~	-
01.0942	hvala~	-
01.0943	hmala~	-
01.0944	-	-
01.0945	glA	-
01.0946	snA	-
01.0947	vanu~	-
01.0948	-	-
01.0949	-	-
01.0950	-	-
01.0951	-	-
01.0952	-	-
01.0953	-	-
01.0954	-	-
01.0955	PaRa~	gatO gatidIptyoH
01.0956	rAjf~^	dIptO
01.0957	wuBrAjf~\	dIptO
01.0958	wuBrASf~\	dIptO
01.0959	wuBlASf~\	dIptO
01.0960	syamu~	Sabde
01.0961	svana~	Sabde
01.0962	Dvana~	-
01.0963	zama~	avEkalye vEkalye
01.0964	zwama~	-
01.0965	jvala~	-
01.0966	cala~	kampane
01.0967	jala~	GAtane
01.0968	wala~	vEkalye
01.0969	wvala~	vEkalye
01.0970	zWala~	sTAne
01.0971	hala~	vileKane
01.0972	Rala~	ganDe banDana ityeke
01.0973	pala~	gatO
01.0974	bala~	prARane DAnyAvaroDe ca DAnyAvaroDane ca
01.0975	pula~	mahattve
01.0976	kula~	saMstyAne banDuzu ca
01.0977	Sala~	-
01.0978	hula~	-
01.0979	patx~	gatO
01.0980	hula~	-
01.0981	kvaTe~	nizpAke
01.0982	paTe~	gatO
01.0983	maTe~	viloqane
01.0984	wuvama~	udgiraRe mit anupasargAdvA 1948
01.0985	Bramu~	calane
01.0986	kzara~	saYcalane
01.0987	kzura~	saYcaye
01.0988	zaha~\	marzaRe
01.0989	ra\mu~\	krIqAyAm rama! iti mADavaH
01.0990	za\dx~	viSaraRagatyavasAdanezu
01.0991	Sa\dx~	SAtane
01.0992	kru\Sa~	AhvAne rodane ca
01.0993	kuca~	-
01.0994	buDa~	avagamane
01.0995	ru\ha~	bIjajanmani prAdurBAve ca
01.0996	kasa~	-
01.0997	hikka~^	avyakte Sabde
01.0998	ancu~^	-
01.0999	acu~^	gatO yAcane ca ityeke
01.1000	aci~^	gatO yAcane ca ityepare
01.1001	wuyAcf~^	yAcYAyAm
01.1002	rewf~^	pariBAzaRe
01.1003	cate~^	pariBAzaRe yAcane ca
01.1004	cade~^	pariBAzaRe yAcane ca
01.1005	proTf~^	paryAptO
01.1006	midf~^	meDAhiMsanayoH
01.1007	medf~^	meDAhiMsanayoH
01.1008	miTf~^	meDAhiMsanayoH ityeke
01.1009	meTf~^	meDAhiMsanayoH ityeke
01.1010	miDf~^	meDAhiMsanayoH ityanye
01.1011	meDf~^	meDAhiMsanayoH ityanye meDf! saNgame ca
01.1012	Ridf~^	kutsAsannikarzayoH
01.1013	Redf~^	kutsAsannikarzayoH
01.1014	SfDu~^	-
01.1015	mfDu~^	undane
01.1016	buDi~^r	boDane
01.1017	u~bundi~^r	niSAmane
01.1018	veRf~^	gatijYAnacintAniSAmanavAditragrahaRezu
01.1019	venf~^	gatijYAnacintAniSAmanavAditragrahaRezu ityeke
01.1020	Kanu~^	avadAraRe
01.1021	cIvf~^	AdAnasaMvaraRayoH
01.1022	cIbf~^	AdAnasaMvaraRayoH ityeke
01.1023	cAyf~^	pUjAniSAmanayoH
01.1024	vyaya~^	gatO
01.1025	dASf~^	dAne
01.1026	Bezf~^	Baye gatAvityeke
01.1027	Brezf~^	gatO
01.1028	Blezf~^	gatO
01.1029	asa~^	gatidIptyAdAnezu
01.1030	aza~^	gatidIptyAdAnezu ityeke
01.1031	aya~^	-
01.1032	spaSa~^	bADanasparSanayoH
01.1033	laza~^	kAntO
01.1034	caza~^	BakzaRe
01.1035	Caza~^	hiMsAyAm
01.1036	Jaza~^	-
01.1037	Brakza~^	adane
01.1038	Blakza~^	adane
01.1039	Bakza~^	adane iti mEtreyaH
01.1040	plakza~^	ca adane
01.1041	dAsf~^	dAne
01.1042	mAhf~^	mAne
01.1043	guhU~^	saMvaraRe
01.1044	SriY	sevAyAm
01.1045	Bf\Y	BaraRe
01.1046	hf\Y	haraRe
01.1047	Df\Y	avaDvaMsane
01.1048	kf\Y	karaRe
01.1049	RI\Y	prApaRe
01.1050	De\w	pAne
01.1051	glE\	harzakzaye mit anupasargAdvA 1945
01.1052	mlE\	harzakzaye
01.1053	dyE\	nyakkaraRe
01.1054	drE\	svapne
01.1055	DrE\	tfptO
01.1056	DyE\	cintAyAm
01.1057	rE\	Sabde
01.1058	styE\	SabdasaNGAtayoH
01.1059	zwyE\	SabdasaNGAtayoH
01.1060	KE\	Kadane
01.1061	kzE\	kzaye
01.1062	jE\	kzaye
01.1063	zE\	kzaye
01.1064	kE\	Sabde
01.1065	gE\	Sabde
01.1066	SE\	pAke
01.1067	SrE\	pAke
01.1068	srE\	pAke iti kezucitpAWaH
01.1069	pE\	SozaRe
01.1070	o~vE\	SozaRe
01.1071	zwE\	vezwane SoBAyAM cetyeke
01.1072	zRE\	vezwane SoBAyAM cetyeke
01.1073	dE\p	SoDane
01.1074	pA\	pAne
01.1075	GrA\	ganDopAdAne GrARe
01.1076	DmA\	SabdAgnisaMyogayoH
01.1077	zWA\	gatinivfttO
01.1078	mnA\	aByAse
01.1079	dA\R	dAne
01.1080	hvf\	saMvaraRe varaRe ityeke
01.1081	svf	SabdopatApayoH
01.1082	smf\	-
01.1083	dvf\	saMvaraRe varaRe
01.1084	hvf\	kOwilye
01.1085	sf\	gatO
01.1086	f\	gatiprApaRayoH
01.1087	gf\	secane
01.1088	Gf\	secane
01.1089	Dvf\	hUrCane
01.1090	sru\	gatO
01.1091	zu\	-
01.1092	Sru\	SravaRe
01.1093	Dru\	sTErye
01.1094	du\	gatO
01.1095	dru\	gatO
01.1096	ji\	-
01.1097	jri\	aBiBave
01.1098	jf\	gatO
01.1099	zmi\N	IzadDasane
01.1100	gu\N	avyakte Sabde
01.1101	gA\N	gatO
01.1102	u\N	Sabde
01.1103	ku\N	Sabde
01.1104	Ku\N	Sabde
01.1105	gu\N	Sabde
01.1106	Gu\N	kAntikaraRe
01.1107	Nu\N	Sabde
01.1108	cyu\N	gatO
01.1109	jyu\N	gatO
01.1110	Cyu\N	iti sOtro DAtuH gatyarTaH
01.1111	pru\N	gatO
01.1112	plu\N	gatO
01.1113	klu\N	gatO ityeke
01.1114	ru\N	gatirozaRayoH
01.1115	Df\N	DAraRe
01.1116	me\N	praRidAne
01.1117	de\N	rakzaRe
01.1118	SyE\N	gatO
01.1119	pyE\N	vfdDO
01.1120	trE\N	pAlane
01.1121	pUN	pavane
01.1122	mUN	banDane
01.1123	qIN	vihAyasA gatO
01.1124	tF	plavanataraRayoH
01.1125	gupa~\	gopane
01.1126	tija~\	niSAne
01.1127	mAna~\	pUjAyAm
01.1128	baDa~\	banDane
01.1129	ra\Ba~\	rABasye
01.1130	qula\Ba~\z	prAptO
01.1131	zva\nja~\	parizvaNge
01.1132	ha\da~\	purIzotsarge
01.1133	YikzvidA~	-
01.1134	ska\ndi~r	gatiSozaRayoH
01.1135	ya\Ba~	mETune viparItamETune
01.1136	Ra\ma~	prahvatve Sabde ca mit anupasargAdvA 1944
01.1137	ga\mx~	gatO
01.1138	sf\px~	gatO
01.1139	ya\ma~	uparame yamo'parivezaRe na mit 1953
01.1140	ta\pa~	santApe
01.1141	tya\ja~	hAnO
01.1142	za\nja~	saNge
01.1143	df\Si~r	prekzaRe
01.1144	dan\Sa~	daSane
01.1145	kf\za~	vileKane
01.1146	da\ha~	BasmIkaraRe
01.1147	mi\ha~	secane
01.1148	kita~	nivAse rogApanayane ca
01.1149	dAna~^	KaRqane avaKaRqane
01.1150	SAna~^	tejane avatejane
01.1151	qupa\ca~^z	pAke
01.1152	zaca~^	-
01.1153	Ba\ja~^	sevAyAm
01.1154	ra\nja~^	rAge mit 1940
01.1155	Sa\pa~^	AkroSe
01.1156	tvi\za~^	dIptO
01.1157	ya\ja~^	devapUjAsaNgatikaraRadAnezu
01.1158	quva\pa~^	bIjasantAne Cedane'pi
01.1159	va\ha~^	prApaRe
01.1160	va\sa~	nivAse
01.1161	ve\Y	tantusantAne
01.1162	vye\Y	saMvaraRe
01.1163	hve\Y	sparDAyAM Sabde ca
01.1164	vada~	vyaktAyAM vAci
01.1165	wuo~Svi	gativfdDyoH
01.1166	fti	-
02.0001	a\da~	BakzaRe
02.0002	ha\na~	hiMsAgatyoH
02.0003	dvi\za~^	aprItO
02.0004	du\ha~^	prapUraRe
02.0005	di\ha~^	upacaye
02.0006	li\ha~^	AsvAdane
02.0007	ca\kzi~\N	vyaktAyAM vAci ayaM darSane'pi
02.0008	Ira~\	gatO kampane ca
02.0009	Iqa~\	stutO
02.0010	ISa~\	ESvarye
02.0011	Asa~\	upaveSane
02.0012	SAsu~\	icCAyAm
02.0013	vasa~\	AcCAdane
02.0014	kasi~\	gatiSAsanayoH
02.0015	kasa~\	gatiSAsanayoH ityeke
02.0016	kaSa~\	gatiSAsanayoH ityanye ityapi
02.0017	Risi~\	cumbane
02.0018	Riji~\	SudDO
02.0019	Siji~\	avyakte Sabde
02.0020	piji~\	varRe samparcana ityeke uBayannetyanye avayava ityapare avyakte Sabda itItare
02.0021	pfji~\	varRe samparcana ityeke uBayannetyanye avayava ityapare avyakte Sabda itItare ityeke
02.0022	vfjI~\	varjane
02.0023	vfji~\	varjane ityeke
02.0024	pfcI~\	samparcane samparke
02.0025	zUN	prARigarBavimocane
02.0026	SIN	svapne
02.0027	yu	miSreRe'BiSraRe ca
02.0028	ru	Sabde
02.0029	tu\	gativfdDihiMsAsu vfdDyarTaH iti sOtro DAtuH
02.0030	Ru	stutO
02.0031	wukzu	Sabde
02.0032	kzRu	tejane
02.0033	zRu	prasravaRe
02.0034	UrRuY	AcCAdane
02.0035	dyu\	aBigamane
02.0036	zu\	prasavESvaryayoH
02.0037	ku\	Sabde
02.0038	zwu\Y	stutO
02.0039	brUY	vyaktAyAM vAci
02.0040	i\R	gatO
02.0041	i\N	aDyayane nityamaDipUrvaH
02.0042	i\k	smaraRe ayamapyaDipUrvaH
02.0043	vI\	gatiprajanakAntyasanaKAdanezu
02.0044	yA\	prApaRe
02.0045	vA\	gatiganDanayoH
02.0046	BA\	dIptO
02.0047	zRA\	SOce mit anupasargAdvA 1946
02.0048	SrA\	pAke
02.0049	drA\	kutsAyAM gatO
02.0050	psA\	BakzaRe
02.0051	pA\	rakzaRe
02.0052	rA\	dAne
02.0053	lA\	AdAne dAne
02.0054	dA\p	lavane
02.0055	KyA\	prakaTane
02.0056	prA\	pUraRe
02.0057	mA\	mAne
02.0058	va\ca~	pariBAzaRe
02.0059	vida~	jYAne
02.0060	asa~	Buvi
02.0061	mfjU~	mfjU!S SudDO
02.0062	rudi~r	aSruvimocane
02.0063	Yizva\pa~	Saye
02.0064	Svasa~	prARane
02.0065	ana~	ca prARane
02.0066	jakza~	BakzyahasanayoH
02.0067	jAgf	nidrAkzaye
02.0068	daridrA	durgatO
02.0069	cakAsf~	dIptO
02.0070	SAsu~	anuSizwO
02.0071	dIDIN	dIptidevanayoH
02.0072	vevIN	vetinA tulye
02.0073	zasa~	svapne
02.0074	zasti~	svapne
02.0075	vaSa~	kAntO
02.0076	-	apanayane
02.0077	hnu\N	-
03.0001	hu\	dAnAdanayoH AdAne cetyeke prIRane'pIti BAzyam
03.0002	YiBI\	Baye
03.0003	hrI\	lajjAyAm
03.0004	pF	pAlanapUraRayoH
03.0005	pf	pAlanapUraRayoH ityeke
03.0006	quBf\Y	DAraRapozaRayoH
03.0007	mA\N	mAne Sabde ca
03.0008	o~hA\N	-
03.0009	o~hA\k	tyAge
03.0010	qudA\Y	dAne
03.0011	quDA\Y	DAraRapozaRayoH dAna ityapyeke
03.0012	Ri\ji~^r	SOcapozaRayoH
03.0013	vi\ji~^r	pfTagBAve
03.0014	vi\zx~^	vyAptO
03.0015	Gf\	kzaraRadIptyoH
03.0016	hf\	prasahyakaraRe
03.0017	f\	gatO
03.0018	sf\	gatO
03.0019	Basa~	BartsanadIptyoH
03.0020	ki\	jYAne
03.0021	kita~	jYAne ca
03.0022	tura~	tvaraRe
03.0023	Diza~	Sabde
03.0024	Dana~	DAnye
03.0025	jana~	janane mit 1937
03.0026	gA\	stutO
04.0001	divu~	krIqAvijigIzAvyavahAradyutistutimodamadasvapnakAntigatizu
04.0002	zivu~	tantusantAne
04.0003	srivu~	gatiSozaRayoH
04.0004	zWivu~	nirasane kecidihemaM na paWanti
04.0005	zRusu~	adane! AdAna ityeke! adarSana ityapare
04.0006	zRasu~	nirasane
04.0007	knasu~	hvaraRadIptyoH mit 1939
04.0008	vyuza~	-
04.0009	pluza~	-
04.0010	nftI~	gAtravikzepe
04.0011	trasI~	udvege
04.0012	kuTa~	pUtIBAve
04.0013	puTa~	BAzArTaH
04.0014	guDa~	parivezwane
04.0015	kzi\pa~	prerane
04.0016	puzpa~	vikasane
04.0017	tima~	ArdrIBAve
04.0018	tIma~	ArdrIBAve
04.0019	zwima~	ArdrIBAve
04.0020	zwIma~	ArdrIBAve
04.0021	vrIqa~	codane lajjAyAM ca
04.0022	iza~	Iza! gatO
04.0023	zaha~	cakyarTe
04.0024	zuha~	cakyarTe
04.0025	jFz	vayohAnO mit 1938
04.0026	JFz	vayohAnO
04.0027	zUN	prARiprasave
04.0028	dUN	paritApe
04.0029	dI\N	kzaye
04.0030	qIN	vihAyasA gatO
04.0031	DI\N	ADAre
04.0032	mI\N	hiMsAyAm
04.0033	rI\N	SravaRe
04.0034	lI\N	SlezaRe
04.0035	vrI\N	vfRotyarTe!
04.0036	pI\N	pAne
04.0037	mA\N	mAne
04.0038	I\N	gatO
04.0039	prI\N	prItO prIRane
04.0040	So\	tanUkaraRe
04.0041	Co\	Cedane
04.0042	zo\	antakarmaRi
04.0043	do\	avaKaRqane
04.0044	janI~\	prAdurBAve mit 1937
04.0045	dIpI~\	dIptO
04.0046	pUrI~\	ApyAyane
04.0047	tUrI~\	gatitvaraRahiMsanayoH
04.0048	DUrI~\	hiMsAgatyoH
04.0049	gUrI~\	hiMsAgatyoH
04.0050	GUrI~\	hiMsAvayohanyoH
04.0051	jUrI~\	hiMsAvayohanyoH
04.0052	SUrI~\	hiMsAstamBanayoH hiMsastamBayoH
04.0053	cUrI~\	dAhe
04.0054	ta\pa~\	dAhe ESverye vA
04.0055	vftu~\	varaRe vartane
04.0056	vAvftu~\	varaRe vartane iti kecit
04.0057	kliSa~\	upatApe
04.0058	kASf~\	dIptO
04.0059	vASf~\	Sabde
04.0060	mfza~^	titikzAyAm
04.0061	I~Suci~^r	pUtIBAve
04.0062	Ra\ha~^	banDane
04.0063	ra\nja~^	rAge mit 1940
04.0064	Sa\pa~^	AkroSe
04.0065	pa\da~\	gatO
04.0066	Ki\da~\	dEnye
04.0067	vi\da~\	sattAyAm
04.0068	bu\Da~\	avagamane
04.0069	yu\Da~\	samprahAre
04.0070	ru\Da~\	kAme
04.0071	aRa~\	prARane
04.0072	ana~\	prARane ityeke
04.0073	ma\na~\	jYAne
04.0074	yu\ja~\	samADO
04.0075	sf\ja~\	visarge
04.0076	li\Sa~\	alpIBAve
04.0077	rA\Da~	akarmakAdvfdDAveva
04.0078	vya\Da~	tAqane
04.0079	pu\za~	puzwO
04.0080	Su\za~	SozaRe
04.0081	tu\za~	prItO
04.0082	du\za~	vEkftye
04.0083	Sli\za~	AliNgane
04.0084	Sa\ka~^	viBAzito marzaRe
04.0085	zvi\dA~	gAtraprakzaraRe YizvidA! ityeke
04.0086	kru\Da~	kroDe kope
04.0087	kzu\Da~	buBukzAyAm
04.0088	Su\Da~	SOce
04.0089	zi\Du~	saMrAdDO
04.0090	ra\Da~	hiMsAsaMrAdDyoH
04.0091	Ra\Sa~	adarSane
04.0092	tf\pa~	prIRane
04.0093	df\pa~	harzamohanayoH
04.0094	dru\ha~	jiGAMsAyAm
04.0095	mu\ha~	vEcittye
04.0096	zRu\ha~	udgiraRe
04.0097	zRi\ha~	prItO
04.0098	Samu~	upaSame
04.0099	tamu~	kANkzAyAm
04.0100	damu~	upaSame
04.0101	Sramu~	tapasi Kede ca
04.0102	Bramu~	anavasTAne
04.0103	kzamU~	sahane
04.0104	klamu~	glAnO
04.0105	madI~	harze harzaglepanayoH mit 1927
04.0106	asu~	kzepane
04.0107	yasu~	prayatne
04.0108	jasu~	mokzane
04.0109	tasu~	upakzaye
04.0110	dasu~	ca upakzaye
04.0111	vasu~	stamBe
04.0112	basu~	stamBe ityeke
04.0113	Basu~	stamBe iti kecit
04.0114	vyuza~	-
04.0115	vyusa~	viBAge ityeke
04.0116	byusa~	viBAge ityanye
04.0117	busa~	viBAge ityapare
04.0118	vusa~	viBAge iti kecit
04.0119	pyuza~	viBAge iti kecit
04.0120	pyusa~	-
04.0121	puza~	viBAge ca iti kecit
04.0122	pluza~	-
04.0123	visa~	preraRe
04.0124	bisa~	preraRe ityeke
04.0125	kusa~	saMSlezaRe SlezaRe
04.0126	kuSa~	saMSlezaRe SlezaRe ityeke
04.0127	YizvidA~	saMSlezaRe SlezaRe ityanye
04.0128	kzamU~z	saMSlezaRe SlezaRe ityapare
04.0129	busa~	utsarge
04.0130	musa~	KaRqane
04.0131	masI~	parimAne
04.0132	samI~	parimAne ityeke
04.0133	luwa~	viloqane
04.0134	luWa~	viloqane ityeke
04.0135	uca~	samavAye
04.0136	BfSu~	aDaHpatane
04.0137	stima~	aDaHpatane
04.0138	BranSu~	aDaHpatane
04.0139	vfSa~	varaRe
04.0140	kfSa~	tanUkaraRe
04.0141	Yitfza~	pipAsAyAm
04.0142	hfza~	tuzwO
04.0143	ruza~	hiMsAyAm roze
04.0144	riza~	hiMsAyAm
04.0145	qipa~	kzepe
04.0146	kupa~	kroDe
04.0147	gupa~	vyAkulatve
04.0148	yupa~	vimohane
04.0149	rupa~	vimohane
04.0150	lupa~	vimohane
04.0151	zwupa~	samucCrAye
04.0152	zwUpa~	samucCrAye ityeke
04.0153	luBa~	gArdDye gArDnye
04.0154	kzuBa~	saYcalane
04.0155	RaBa~	hiMsAyAm
04.0156	tuBa~	hiMsAyAm
04.0157	klidU~	AdrIBAve
04.0158	YimidA~	snehane
04.0159	YikzvidA~	snehanamocanayoH gAtraprasravaRe
04.0160	fDu~	vfdDO
04.0161	gfDu~	aBikANkzAyAm
04.0162	-	-
04.0163	-	-
05.0001	zu\Y	aBizave
05.0002	zi\Y	banDane
05.0003	Si\Y	niSAne
05.0004	qu\mi\Y	prakzepane
05.0005	ci\Y	cayane
05.0006	stf\Y	AcCAdane
05.0007	kf\Y	hiMsAyAm
05.0008	vfY	varaRe
05.0009	Du\Y	kampane
05.0010	DUY	kampane ityeke
05.0011	wudu\	upatApe
05.0012	hi\	gatO vfdDO ca
05.0013	pf\	prItO
05.0014	spf\	prItipAlanayoH prIticalanayorityanye
05.0015	smf\	prItipAlanayoH prIticalanayorityanye ityeke
05.0016	A\px~	lamBane
05.0017	Sa\kx~	SaktO
05.0018	rA\Da~	saMsidDO
05.0019	sA\Da~	saMsidDO
05.0020	aSU~\	vyAptO saNGAte ca
05.0021	zwiGa~\	Askandane
05.0022	tika~	Askandane gatO ca
05.0023	tiga~	Askandane gatO ca
05.0024	zaGa~	hiMsAyAm
05.0025	YiDfzA~	prAgalBye
05.0026	danBu~	damBane damBe
05.0027	fDu~	vfdDO
05.0028	tfpa~	prIRana ityeke
05.0029	aha~	vyAptO
05.0030	daGa~	GAtane pAlane ca
05.0031	camu~	BakzaRe na mit 1951
05.0032	ri\	f' hiMsAyAm
05.0033	kzi\	kzI' hiMsAyAm kzirBAzAyAmityeke
05.0034	ciri	hiMsAyAm
05.0035	jiri	hiMsAyAm
05.0036	dASa~	hiMsAyAm
05.0037	df	hiMsAyAm
05.0038	f	hiMsAyAm ityeke
05.0039	kzI	hiMsAyAm ityeke kzirBAzAyAmityeke
06.0001	tu\da~^	vyaTane
06.0002	Ru\da~^	-
06.0003	di\Sa~^	atisarjane
06.0004	Bra\sja~^	pAke
06.0005	kzi\pa~^	preraRe
06.0006	kf\za~^	vileKane
06.0007	fzI~	gatO
06.0008	juzI~\	prItisevanayoH
06.0009	o~vijI~\	BayacalanayoH
06.0010	o~lajI~\	vrIqAyAm vrIqe
06.0011	o~lasjI~\	vrIqAyAm vrIqe
06.0012	o~vrascU~	Cedane
06.0013	vyaca~	vyAjIkaraRe
06.0014	uCi~	uYCe
06.0015	uCI~	vivAse
06.0016	fCa~	gatIndriyapralayamUrtiBAvezu
06.0017	miCa~	utkleSe
06.0018	jarja~	pariBAzaRaBartsanayoH
06.0019	carca~	pariBAzaRaBartsanayoH
06.0020	JarJa~	pariBAzaRaBartsanayoH
06.0021	tvaca~	saMvaraRe
06.0022	fca~	stutO
06.0023	ubja~	Arjave
06.0024	ujJa~	utsarge
06.0025	luBa~	vimohane
06.0026	riPa~	katTanayudDanindAhiMsAdAnezu
06.0027	riha~	katTanayudDanindAhiMsAdAnezu ityeke
06.0028	tfpa~	tfptO
06.0029	tfnpa~	tfptO
06.0030	tfPa~	tfptO ityeke
06.0031	tfnPa~	tfptO ityeke
06.0032	tupa~	hiMsAyAm
06.0033	tunpa~	hiMsAyAm
06.0034	tuPa~	hiMsAyAm
06.0035	tunPa~	hiMsAyAm
06.0036	dfpa~	utkleSe
06.0037	dfnpa~	utkleSe
06.0038	dfPa~	utkleSe ityeke
06.0039	dfnPa~	utkleSe ityeke
06.0040	fPa~	hiMsAyAm
06.0041	fnPa~	hiMsAyAm
06.0042	guPa~	granTe
06.0043	gunPa~	granTe
06.0044	uBa~	pUraRe
06.0045	unBa~	pUraRe
06.0046	SuBa~	SoBArTe
06.0047	SunBa~	SoBArTe
06.0048	dfBI~	granTe
06.0049	cftI~	hiMsAgranTanayoH
06.0050	viDa~	viDAne
06.0051	juqa~	-
06.0052	juna~	gatO ityeke
06.0053	mfqa~	suKane
06.0054	pfqa~	suKane ca
06.0055	pfRa~	prIRane
06.0056	vfRa~	ca prIRane
06.0057	mfRa~	hiMsAyAm
06.0058	tuRa~	kOwilye
06.0059	puRa~	karmaRi SuBe
06.0060	muRa~	pratijYAne
06.0061	kuRa~	SabdopakaraRayoH SabdopatApayoH
06.0062	Suna~	gatO
06.0063	druRa~	hiMsAgatikOwilyezu
06.0064	GuRa~	BramaRe
06.0065	GUrRa~	BramaRe
06.0066	zura~	ESvaryadIptyoH
06.0067	kura~	Sabde
06.0068	Kura~	Cedane
06.0069	mura~	saMvezwane saYcezwane
06.0070	kzura~	vileKane
06.0071	Gura~	BImArTaSabdayoH
06.0072	pura~	agragamane
06.0073	vfhU~	udyamane
06.0074	bfhU~	udyamane ityeke
06.0075	tfhU~	hiMsArTaH
06.0076	stfhU~	hiMsArTaH
06.0077	tfnhU~	hiMsArTAH
06.0078	izu~	icCAyAm
06.0079	miza~	sparDAyAm
06.0080	kila~	SvEtyakrIqanayoH SvEtye
06.0081	tila~	snehane snehe
06.0082	cila~	vasane
06.0083	cala~	vilasane
06.0084	ila~	svapnakzepanayoH
06.0085	vila~	saMvaraRe
06.0086	bila~	Bedane
06.0087	Rila~	gahane
06.0088	hila~	BAvakaraRe
06.0089	Sila~	uYCe
06.0090	zila~	uYCe
06.0091	mila~	-
06.0092	liKa~	akzaravinyAse
06.0093	kuwa~	kOwilye
06.0094	puwa~	saMSlezaRe
06.0095	kuca~	saNkocane
06.0096	guja~	Sabde
06.0097	guqa~	-
06.0098	qipa~	kzepe
06.0099	Cura~	Cedane
06.0100	sPuwa~	vikasane
06.0101	muwa~	AkzepapramardanayoH
06.0102	truwa~	Cedane
06.0103	tuwa~	kalahakarmaRi
06.0104	cuwa~	Cedane
06.0105	Cuwa~	Cedane
06.0106	juqa~	-
06.0107	juwa~	banDane ityeke
06.0108	kaqa~	made
06.0109	luwa~	saMSlezaRe
06.0110	luWa~	saMSlezaRe ityeke
06.0111	luqa~	saMSlezaRe ityanye
06.0112	kfqa~	Ganatve
06.0113	kuqa~	bAlye
06.0114	puqa~	utsarge
06.0115	Guwa~	pratiGAte
06.0116	tuqa~	toqane
06.0117	Tuqa~	saMvaraRe
06.0118	sTuqa~	saMvaraRe
06.0119	Kuqa~	saMvaraRe ityeke
06.0120	Cuqa~	saMvaraRe ityeke
06.0121	sPura~	saYcalane sPura! sPuraRa ityeke
06.0122	sPula~	-
06.0123	sPara~	saYcalane ityanye
06.0124	sPala~	saYcalane ityanye
06.0125	sPuqa~	-
06.0126	cuqa~	saMvaraRe
06.0127	vruqa~	saMvaraRe
06.0128	kruqa~	nimajjane ityeke
06.0129	Bfqa~	nimajjane ityeke
06.0130	huqa~	-
06.0131	gurI~\	udyamane
06.0132	RU	stutO
06.0133	DU	viDUnane
06.0134	gu\	purIzotsarge
06.0135	Dru\	gatisTEryayoH Druva ityeke
06.0136	ku\N	Sabde
06.0137	kUN	Sabde ityeke
06.0138	pf\N	vyAyAme
06.0139	mf\N	prARatyAge
06.0140	ri\	gatO
06.0141	pi\	gatO
06.0142	Di\	DAraRe
06.0143	kzi\	nivAsagatyoH
06.0144	zU	preraRe
06.0145	kF	vikzepe nikzepe
06.0146	gF	nigaraRe
06.0147	df\N	Adare
06.0148	Df\N	avasTAne
06.0149	pra\Ca~	jYIpsAyAm
06.0150	sf\ja~	visarge
06.0151	wuma\sjo~	SudDO
06.0152	ru\jo~	BaNge
06.0153	Bu\jo~	kOwilye
06.0154	Cu\pa~	sparSe
06.0155	ru\Sa~	hiMsAyAm
06.0156	ri\Sa~	hiMsAyAm
06.0157	li\Sa~	gatO
06.0158	spf\Sa~	saMsparSane
06.0159	vicCa~	gatO
06.0160	vi\Sa~	praveSane
06.0161	mf\Sa~	AmarSaRe
06.0162	Ru\da~	-
06.0163	za\dx~	viSaraRagatyavasAdanezu
06.0164	Sa\dx~	SAtane
06.0165	mila~^	-
06.0166	mu\cx~^	mokzaRe mocane
06.0167	lu\px~^	Cedane
06.0168	vidx~^	lABe
06.0169	li\pa~^	upadehe
06.0170	zi\ca~^	kzaraRe
06.0171	kftI~	Cedane
06.0172	Ki\da~	pariGAte pariGAtane
06.0173	piSa~	avayave ayaM dIpanAyAmapi
06.0174	Pula~	-
07.0001	ru\Di~^r	AvaraRe
07.0002	Bi\di~^r	vidAraRe
07.0003	Ci\di~^r	dvEDIkaraRe
07.0004	ri\ci~^r	virecane
07.0005	vi\ci~^r	pfTagBAve
07.0006	kzu\di~^r	samprezaRe
07.0007	yu\ji~^r	yoge
07.0008	u~Cfdi~^r	dIptidevanayoH
07.0009	u~tfdi~^r	hiMsAnAdarayoH
07.0010	kftI~	vezwane
07.0011	YiinDI~\	dIptO
07.0012	Ki\da~\	dEnye
07.0013	vi\da~\	vicAraRe
07.0014	Si\zx~	viSezaRe
07.0015	pi\zx~	saYcUrRane
07.0016	Ba\njo~	Amardane
07.0017	Bu\ja~	pAlanAByavahArayoH
07.0018	tfha~	hiMsAyAm
07.0019	hisi~	hiMsAyAm
07.0020	undI~	kledane
07.0021	anjU~	vyaktimrakzaRakAntigatizu vyaktimarzaRakAntigatizu
07.0022	tancU~	saNkocane
07.0023	o~vijI~	BayacalanayoH
07.0024	vfjI~	varjane
07.0025	pfcI~	samparke
08.0001	tanu~^	vistAre
08.0002	zanu~^	dAne
08.0003	kzaRu~^	hiMsAyAm
08.0004	kziRu~^	hiMsAyAm ca
08.0005	fRu~^	gatO
08.0006	tfRu~^	adane
08.0007	GfRu~^	dIptO
08.0008	vanu~\	yAcane mit anupasargAdvA 1947
08.0009	manu~\	avaboDane
08.0010	qukf\Y	karaRe
09.0001	qukrI\Y	dravyavinimaye
09.0002	prI\Y	tarpane kAntO ca
09.0003	SrI\Y	pAke
09.0004	mI\Y	hiMsAyAm banDane mAne
09.0005	zi\Y	banDane
09.0006	sku\Y	Apravane
09.0007	sta\nBu~	roDana ityeke stamBa iti mADavaH
09.0008	stu\nBu~	roDana ityeke nizkozaRe ityanye
09.0009	ska\nBu~	roDana ityeke stamBa iti mADavaH
09.0010	sku\nBu~	roDana ityeke DAraRa ityanye
09.0011	yu\Y	banDane
09.0012	knUY	Sabde
09.0013	drUY	hiMsAyAm
09.0014	pUY	pavane
09.0015	mUY	banDane
09.0016	lUY	Cedane
09.0017	stFY	AcCAdane
09.0018	kFY	hiMsAyAm
09.0019	vFY	varaRe
09.0020	DUY	kampane
09.0021	SF	hiMsAyAm
09.0022	pF	pAlanapUraRayoH
09.0023	vF	varaRe BaraRa ityeke
09.0024	BF	-
09.0025	mF	hiMsAyAm
09.0026	dF	vidAraRe
09.0027	jF	vayohAnO mit 1938
09.0028	JF	vayohAnO ityeke
09.0029	DF	vayohAnO ityanye
09.0030	nF	naye
09.0031	kF	hiMsAyAm
09.0032	F	gatO
09.0033	gF	Sabde
09.0034	jyA\	vayohAnO
09.0035	rI\	gatirezaRayoH
09.0036	lI\	SlezaRe
09.0037	vlI\	varaRe
09.0038	blI\	varaRe ityeke
09.0039	plI\	gatO
09.0040	vrI\	varaRe
09.0041	BrI\	Baye BaraRa ityeke
09.0042	kzI\z	hiMsAyAm
09.0043	jYA\	avaboDane
09.0044	ba\nDa~	banDane
09.0045	vfN	samBaktO
09.0046	SranTa~	-
09.0047	manTa~	viloqane
09.0048	SranTa~	-
09.0049	granTa~	sandarBe
09.0050	kunTa~	saMSlezaRe
09.0051	mfda~	kzode
09.0052	mfqa~	kzode suKe ca
09.0053	guDa~	roze
09.0054	kuza~	nizkarze
09.0055	kzuBa~	saYcalane
09.0056	RaBa~	hiMsAyAm
09.0057	tuBa~	hiMsAyAm
09.0058	kliSU~	vibADane
09.0059	aSa~	Bojane
09.0060	u~Drasa~	uYCe
09.0061	iza~	ABIkzRye
09.0062	vi\za~	viprayoge
09.0063	pruza~	snehanasevanapUraRezu
09.0064	pluza~	snehanasevanapUraRezu
09.0065	puza~	puzwO
09.0066	muza~	steye
09.0067	Kaca~	BUtaprAdurBAve
09.0068	Kava~	BUtaprAdurBAve ityeke
09.0069	heWa~	heQa! ca BUtaprAdurBAve
09.0070	heQa~	ca BUtaprAdurBAve ityeke
09.0071	graha~^	upAdAne
10.0001	cura~	steye
10.0002	citi~	smftyAm
10.0003	yatri~	saNkocane
10.0004	sPuqi~	parihAse
10.0005	sPuwi~	ityapi parihAse
10.0006	lakza~	-
10.0007	kudri~	anftaBAzaRe
10.0008	kudf~	anftaBAzaRe ityeke
10.0009	kuqi~	rakzaRe
10.0010	laqa~	upasevAyAm
10.0011	midi~	snehane
10.0012	mida~	snehane ityeke
10.0013	o~laqi~	olaqi! utkzepane u!laqi! ityanye
10.0014	o~laqi~	utkzepane ityeke
10.0015	jala~	apavAraRe
10.0016	laja~	-
10.0017	pIqa~	avagAhane
10.0018	nawa~	-
10.0019	SraTa~	-
10.0020	baDa~	saMyamane
10.0021	banDa~	saMyamane iti cAndrAH
10.0022	pF	pUraRe
10.0023	Urja~	balaprARanayoH
10.0024	pakza~	parigrahe
10.0025	varRa~	preraRe varRa! varRana ityeke
10.0026	cUrRa~	-
10.0027	praTa~	praKyAne
10.0028	pfTa~	prakzepe
10.0029	paTa~	prakzepe ityeke
10.0030	zanba~	sambanDane
10.0031	Sanba~	sambanDane ca
10.0032	sAnba~	sambanDane ityeke
10.0033	Bakza~	adane
10.0034	kuwwa~	-
10.0035	puwwa~	alpIBAve
10.0036	cuwwa~	alpIBAve
10.0037	adwa~	anAdare
10.0038	zuwwa~	anAdare
10.0039	lunwa~	steye
10.0040	lunWa~	steye iti kecit
10.0041	SaWa~	-
10.0042	SvaWa~	asaMskAragatyoH
10.0043	SvaWi~	asaMskAragatyoH ityeke
10.0044	tuja~	-
10.0045	tuji~	-
10.0046	pija~	-
10.0047	piji~	-
10.0048	laji~	-
10.0049	luji~	-
10.0050	pisa~	gatO
10.0051	zAntva~	sAmaprayoge
10.0052	SAntva~	sAmaprayoge ityeke
10.0053	Svalka~	pariBAzaRe
10.0054	valka~	pariBAzaRe
10.0055	zRiha~	snehane
10.0056	sPiwa~	hiMsAyAm
10.0057	smiwa~	anAdare
10.0058	zmiN	anAdare ityeke
10.0059	Sliza~	SlezaRe
10.0060	paTi~	gatO
10.0061	piCa~	kuwwane
10.0062	Cadi~	saMvaraRe
10.0063	SraRa~	dAne
10.0064	taqa~	AGAte
10.0065	Kaqa~	KaRqane Bedane
10.0066	Kaqi~	KaRqane Bedane
10.0067	kaqi~	KaRqane Bedane
10.0068	kuqi~	anftaBAzaRe ityapare
10.0069	guqi~	rakzaRe vezwane ca rakzaRa ityeke
10.0070	kuWi~	rakzaRe vezwane ca rakzaRa ityeke ityanye
10.0071	guWi~	rakzaRe vezwane ca rakzaRa ityeke ityapare
10.0072	Kuqi~	KaRqane
10.0073	vawi~	viBAjane
10.0074	vaqi~	viBAjane ityeke
10.0075	caqi~	kope caRqa ityanye
10.0076	maqi~	BUzAyAM harze ca
10.0077	Baqi~	kalyARe
10.0078	Carda	vamane
10.0079	pusta~	-
10.0080	busta~	AdarAnAdarayoH
10.0081	cuda~	saYcodane
10.0082	nakka~	nASane
10.0083	Dakka~	nASane
10.0084	cakka~	vyaTane
10.0085	cukka~	vyaTane
10.0086	kzala~	SOcakarmaRi
10.0087	tala~	pratizWAyAm
10.0088	tula~	unmAne
10.0089	dula~	utkzepe
10.0090	pula~	mahattve
10.0091	cula~	samucCrAye
10.0092	mUla~	rohane
10.0093	kala~	kzepe
10.0094	vila~	kzepe
10.0095	bila~	Bedane
10.0096	tila~	snehane
10.0097	cala~	BftO
10.0098	pAla~	rakzaRe
10.0099	pala~	rakzaRe ityeke
10.0100	lUza~	hiMsAyAm
10.0101	Sulba~	mAne
10.0102	SUrpa~	ca mAne
10.0103	cuwa~	Cedane
10.0104	muwa~	saYcUrRane
10.0105	piSa~	nASane
10.0106	paqi~	nASane
10.0107	pasi~	nASane
10.0108	paSi~	nASane ityeke
10.0109	vraja~	mArgasaMskAragatyoH
10.0110	Sulka~	atisarjane atisparSane
10.0111	capi~	gatyAm
10.0112	kzapi~	kzAntyAm
10.0113	kzaji~	kfcCrajIvane
10.0114	Caji~	kfcCrajIvane ityeke
10.0115	Svarta~	gatyAm
10.0116	svarta~	gatyAm ityeke
10.0117	SvaBra~	gatyAm ca
10.0118	jYapa~	jYapa! jYAnajYApanamAraRatozaRaniSAnaniSAmanezu
10.0119	yama~	parivezaRe mit 1953
10.0120	caha~	parikalpane
10.0121	capa~	parikalpane ityeke
10.0122	raha~	tyAge
10.0123	bala~	-
10.0124	ciY	cayane
10.0125	Gawwa~	calane
10.0126	musta~	saNGAte
10.0127	Kawwa~	saMvaraRe
10.0128	zawwa~	hiMsAyAm
10.0129	sPiwa~	snehane ityeke
10.0130	cubi~	hiMsAyAm
10.0131	pUla~	saNGAte
10.0132	pUrRa~	saNGAte ityeke
10.0133	puRa~	saNGAte ityanye
10.0134	puMsa~	aBivarDaRe
10.0135	waki~	banDane
10.0136	vyapa~	kzepe
10.0137	vyaya~	kzepe catyeke
10.0138	vipa~	kzepe cetyeke
10.0139	DUsa~	kAntikaraRe
10.0140	DUza~	kAntikaraRe ityeke
10.0141	DUSa~	kAntikaraRe ityapare
10.0142	kIwa~	varRe varaRe
10.0143	cUrRa~	-
10.0144	pUja~	pUjAyAm
10.0145	arka~	stavane
10.0146	SuWa~	Alasye
10.0147	SuWi~	SozaRe
10.0148	juqa~	preraRe
10.0149	gaja~	SabdArTaH
10.0150	mArja~	SabdArTO
10.0151	marca~	SabdArTaH ca
10.0152	Gf	prasravaRe srAvaRa ityeke
10.0153	paci~	vistAravacane
10.0154	tija~	niSAne niSAtane
10.0155	kFta~	saMSabdane
10.0156	varDa~	CedanapUranayoH
10.0157	kubi~	AcCAdane CAdane
10.0158	kuBi~	AcCAdane CAdane ityeke
10.0159	lubi~	adarSane ardana ityeke
10.0160	tubi~	adarSane ardana ityeke
10.0161	hlapa~	vyaktAyAM vAci
10.0162	klapa~	vyaktAyAM vAci ityeke
10.0163	hrapa~	vyaktAyAM vAci ityanye
10.0164	cuwi~	Cedane
10.0165	mfqi~	preraRe
10.0166	tuqi~	preraRe
10.0167	ila~	preraRe
10.0168	mrakza~	Cedane
10.0169	mraCa~	mlecCane ityeke
10.0170	mleCa~	Cedane mleCa! avyaktAyAM vAci
10.0171	mrakza~	mlecCane
10.0172	brUsa~	hiMsAyAm
10.0173	barha~	hiMsAyAm
10.0174	vrUsa~	hiMsAyAm ityeke
10.0175	varha~	BAzArTaH
10.0176	vrUza~	hiMsAyAm ityanye
10.0177	garja~	Sabde
10.0178	garda~	Sabde
10.0179	garDa~	aBikANkzAyAm
10.0180	gurda~	pUrvaniketane niketane ityanye
10.0181	pUrva~	niketane ityanye
10.0182	jasi~	rakzaRe mokzaRa ityeke
10.0183	Iqa~	stutO
10.0184	jasu~	-
10.0185	piqi~	saNGAte
10.0186	piWi~	saNGAte ityeke
10.0187	ruza~	roze
10.0188	ruwa~	-
10.0189	qipa~	-
10.0190	zwupa~	zwUpa! samucCrAye
10.0191	zwUpa~	samucCrAye ityeke
10.0192	cita~	saYcetane
10.0193	daSi~	-
10.0194	dasi~	-
10.0195	dasa~	-
10.0196	qapa~	saNGAte
10.0197	qipa~	-
10.0198	tatri~	kuwumbaDAraRe
10.0199	matri~	guptapariBAzaRe
10.0200	spaSa~	grahaRasaMSlezaRayoH
10.0201	tarja~	santarjane tarjane
10.0202	Bartsa~	santarjane tarjane
10.0203	basta~	ardane
10.0204	ganDa~	ardane
10.0205	vasta~	ardane ityeke
10.0206	hasta~	ardane ityanye
10.0207	vizka~	hiMsAyAm
10.0208	hizka~	hiMsAyAm ityeke
10.0209	nizka~	parimARe
10.0210	lala~	IpsAyAm
10.0211	kURa~	saNkocane
10.0212	tURa~	pUraRe
10.0213	BrURa~	ASAviSaNkayoH ASAyAm
10.0214	SaWa~	-
10.0215	yakza~	pUjAyAm
10.0216	syama~	vitarke
10.0217	gUra~	udyamane
10.0218	Sama~	Alocane Samo darSane na mit 1952
10.0219	lakza~	-
10.0220	kutsa~	avakzepane
10.0221	truwa~	Cedane
10.0222	kuwa~	Cedane ityeke
10.0223	gala~	sravaRe
10.0224	Bala~	ABaRqane
10.0225	kUwa~	apradAne avasAdana ityeke
10.0226	kuwwa~	-
10.0227	vancu~	pralamBane
10.0228	vfza~	SaktibanDane
10.0229	mada~	tfptiyoge
10.0230	divu~	-
10.0231	gf	vijYAne
10.0232	vida~	cetanAKyAnanivAsezu
10.0233	mana~	stamBe
10.0234	mAna~	stamBe ityeke
10.0235	yu	jugupsAyAm
10.0236	kusma~	nAmno vA kutsismayane
10.0237	carca~	aDyayane
10.0238	bukka~	BAzaRe
10.0239	Sabda~	BAzaRe SabdakriyAyAm upasargAdAvizkAre ca
10.0240	kaRa~	nimIlane
10.0241	jaBi~	nASane
10.0242	zUda~	kzaraRe
10.0243	jasu~	-
10.0244	paSa~	-
10.0245	ama~	roge na mit 1950
10.0246	cawa~	Bedane
10.0247	sPuwa~	Bedane
10.0248	Gawa~	-
10.0249	divu~	-
10.0250	arja~	pratiyatne sampAdane ca
10.0251	Guzi~r	viSabdane
10.0252	kranda~	sAtatye
10.0253	lasa~	Silpayoge
10.0254	tasi~	alaNkAre
10.0255	BUza~	alaNkAre
10.0256	mokza~	Asane asane
10.0257	arha~	-
10.0258	jYA	niyoge
10.0259	Baja~	viSrARane
10.0260	SfDu~	prasahane
10.0261	yata~	nikAropaskArayoH
10.0262	raka~	AsvAdane
10.0263	laga~	AsvAdane
10.0264	raGa~	AsvAdane ityeke
10.0265	raga~	AsvAdane ityanye
10.0266	ancu~	viSezaRe
10.0267	ligi~	citrIkaraRe
10.0268	muda~	saMsarge
10.0269	trasa~	DAraRe grahaRa ityeke vAraRa ityanye DAraRagrahaRavAraRezu
10.0270	u~Drasa~	uGrasa! uYCe
10.0271	uGrasa~	uYCe ityeke
10.0272	muca~	pramocane modane ca pramocanamodanayoH
10.0273	vasa~	snehacCedApaharaRezu
10.0274	cara~	saMSaye
10.0275	cyu	hasane sahane cetyeke
10.0276	vyusa~	hasane sahane cetyeke ityeke
10.0277	BU	prAptO
10.0278	kfpa~	avakalkane miSrIkaraRa ityeke cintana ityanye
10.0279	grasa~	grahaRe
10.0280	puza~	DAraRe
10.0281	dala~	vidAraRe
10.0282	pawa~	BAzArTaH
10.0283	puwa~	BAzArTaH
10.0284	luwa~	BAzArTaH
10.0285	tuji~	-
10.0286	miji~	BAzArTaH
10.0287	piji~	-
10.0288	liji~	BAzArTaH
10.0289	luji~	-
10.0290	Baji~	BAzArTaH
10.0291	laGi~	BAzArTaH ca
10.0292	trasi~	BAzArTaH
10.0293	pisi~	BAzArTaH
10.0294	kusi~	BAzArTaH
10.0295	daSi~	-
10.0296	kuSi~	BAzArTaH
10.0297	Gawa~	-
10.0298	Gawi~	BAzArTaH
10.0299	bfhi~	BAzArTaH
10.0300	barha~	hiMsAyAm ityeke
10.0301	balha~	BAzArTaH
10.0302	gupa~	BAzArTaH
10.0303	DUpa~	BAzArTaH
10.0304	viCa~	BAzArTaH
10.0305	cIva~	BAzArTaH
10.0306	puTa~	hiMsAyAm
10.0307	lokf~	BAzArTaH
10.0308	locf~	BAzArTaH
10.0309	Raqa~	BAzArTaH
10.0310	kupa~	BAzArTaH
10.0311	tarka~	BAzArTaH
10.0312	vftu~	BAzArTaH
10.0313	vfDu~	BAzArTAH
10.0314	ruwa~	-
10.0315	laji~	-
10.0316	aji~	BAzArTaH ca
10.0317	dasi~	-
10.0318	BfSi~	BAzArTaH ca
10.0319	ruSi~	BAzArTaH ca
10.0320	SIka~	-
10.0321	rusi~	BAzArTaH ca
10.0322	nawi~	-
10.0323	puwi~	BAzArTaH ca
10.0324	ji	BAzArTaH ca
10.0325	ci	BAzArTaH ca
10.0326	raGi~	BAzArTaH ca
10.0327	laGi~	BAzArTaH
10.0328	ahi~	BAzArTaH ca
10.0329	rahi~	BAzArTaH ca
10.0330	mahi~	BAzArTaH ca
10.0331	laqi~	BAzArTaH ca
10.0332	taqa~	BAzArTaH ca
10.0333	nala~	BAzArTaH ca
10.0334	pUrI~	ApyAyane
10.0335	ruja~	hiMsAyAm
10.0336	zvada~	AsvAdane
10.0337	svAda~	AsvAdane ityeke
10.0338	yuja~	saMyamane
10.0339	pfca~	saMyamane
10.0340	arca~	pUjAyAm
10.0341	zaha~	marzaRe
10.0342	Ira~	kzepe
10.0343	lI	dravIkaraRe
10.0344	vfjI~	varjane
10.0345	vfY	AvaraRe
10.0346	jF	vayohAnO
10.0347	jri	vayohAnO ca
10.0348	rica~	viyojanasamparcanayoH
10.0349	Siza~	asarvopayoge
10.0350	tapa~	dAhe
10.0351	tfpa~	tfptO sandIpana ityeke
10.0352	CfdI~	sandIpane
10.0353	cfpa~	sandIpane
10.0354	Cfpa~	sandIpane
10.0355	tfpa~	sandIpane
10.0356	dfpa~	sandIpane
10.0357	dfBI~	Baye granTe
10.0358	dfBa~	sandarBe
10.0359	Cada~	apavAraRe
10.0360	SraTa~	mokzaRe hiMsAyAM ca
10.0361	mI	gatO
10.0362	granTa~	banDane
10.0363	SIka~	AmarzaRe
10.0364	cIka~	AmarzaRe ca
10.0365	arda~	hiMsAyAm
10.0366	hisi~	hiMsAyAm
10.0367	arha~	pUjAyAm
10.0368	zada~	padyarTe
10.0369	SunDa~	SOcakarmaRi
10.0370	Cada~	saMvaraRe
10.0371	juza~	paritarkane paritarpaRe ca
10.0372	DUY	kampane
10.0373	prIY	tarpane
10.0374	SranTa~	sandarBe
10.0375	granTa~	sandarBe
10.0376	Apx~	vyAptO
10.0377	tanu~	SradDopakaraRayoH
10.0378	cana~	SradDopahananayoH
10.0379	vada~^	sandeSavacane
10.0380	vaca~	pariBAzaRe
10.0381	mAna~	pUjAyAm
10.0382	BU	avakalkane miSrIkaraRe
10.0383	garha~	vinindane
10.0384	mArga~	anvezaRe
10.0385	kaWi~	Soke prAyeRotpUrva utkaRWAvacanaH
10.0386	mfjU~	SOcAlaNkArayoH
10.0387	mfza~^	titikzAyAm
10.0388	Dfza~	prasahane
10.0389	kaTa	vAkyaprabanDe vAkyaprabanDane
10.0390	vara	IpsAyAm
10.0391	gaRa	saNKyAne
10.0392	SaWa	samyagavaBAzaRe
10.0393	SvaWa	samyagavaBAzaRe
10.0394	pawa	granTe
10.0395	vawa	granTe
10.0396	raha	tyAge
10.0397	ranga	gatO
10.0398	stana	devaSabde
10.0399	gada	devaSabde
10.0400	pata	devaSabde gatO vA vAdanta ityeke
10.0401	paza	anupasargAt gatO
10.0402	svara	Akzepe
10.0403	raca	pratiyatne
10.0404	kala	gatO saNKyAne ca
10.0405	caha	parikalkane
10.0406	maha	pUjAyAm
10.0407	sAra	dOrbalye
10.0408	kfpa	dOrbalye
10.0409	SraTa	dOrbalye
10.0410	spfha	IpsAyAm
10.0411	BAma	kroDe
10.0412	sUca	pESunye
10.0413	Kewa	BakzaRe
10.0414	Keqa	BakzaRe ityeke
10.0415	Kowa	BakzaRe ityanye
10.0416	kzowa	kzepe
10.0417	goma	upalepane
10.0418	kumAra	krIqAyAm
10.0419	SIla	upaDAraRe
10.0420	sAma	sAntvaprayoge
10.0421	vela	kAlopadeSe
10.0422	kAla	kAlopadeSe ca iti pfTagDAturityeke
10.0423	palyUla	lavanapavanayoH
10.0424	vAta	suKasevanayoH
10.0425	gaveza	mArgaRe
10.0426	vAsa	upasevAyAm
10.0427	nivAsa	AcCAdane
10.0428	BAja	pfTakkarmaRi
10.0429	saBAja	prItidarSanayoH prItisevanayorityeke
10.0430	Una	parihARe
10.0431	Dvana	Sabde
10.0432	kUwa	paritApe paridAha ityanye
10.0433	sanketa	AmantraRe
10.0434	grAma	AmantraRe
10.0435	kuRa	AmantraRe
10.0436	guRa	cAmantraRe
10.0437	keta	SrAvaRe nimantraRe ca
10.0438	kURa~	SrAvaRe nimantraRe ca
10.0439	stena	cOrye
10.0440	pada	gatO
10.0441	gfha	grahaRe
10.0442	mfga	anvezaRe
10.0443	kuha	vismApane
10.0444	SUra	vikrAntO
10.0445	vIra	vikrAntO
10.0446	sTUla	paribfMhaRe
10.0447	arTa	upayAcYAyAm
10.0448	satra	santAnakriyAyAm
10.0449	garva	mAne
10.0450	sUtra	vezwane vimocana ityanye
10.0451	mUtra	prasravaRe
10.0452	rUkza	pAruzye
10.0453	pAra	karmasamAptO
10.0454	tIra	karmasamAptO
10.0455	puwa	saMsarge
10.0456	katra	SETilye
10.0457	karta~	ityapyeke
10.0458	bazka	darSane
10.0459	citra	citrIkaraRe kadAciddarSane
10.0460	ansa	samAGAte
10.0461	vawa	viBAjane
10.0462	Cuwa~	pariBAzaRe
10.0463	laja	prakASane
10.0464	vawi~	prakASane
10.0465	laji~	prakASane
10.0466	miSra	samparke
10.0467	sangrAma	yudDe
10.0468	stoma	SlAGAyAm
10.0469	Cidra	karRaBedane
10.0470	karRa~	Bedane
10.0471	anDa	dfzwyupaGAte
10.0472	daRqa	daRqanipAte
10.0473	anka	pade lakzaRe ca
10.0474	anga	pade lakzaRe ca
10.0475	suKa	tatkriyAyAm
10.0476	duHKa	tatkriyAyAm
10.0477	rasa	AsvAdanasnehanayoH
10.0478	vyaya	vittasamutsarge
10.0479	rUpa	rUpakriyAyAm
10.0480	Ceda	dvEDIkaraRe
10.0481	Cada	apavAraRe
10.0482	lABa	preraRe
10.0483	vraRa	gAtravicUrRane
10.0484	varRa	varRakriyAvistAraguRavacanezu
10.0485	parRa	haritaBAve
10.0486	vizka	darSane
10.0487	kzipa	preraRe
10.0488	vasa	nivAse
10.0489	tutTa	AvaraRe
10.0490	palyUla	lavanavapanayoH
10.0491	ruWa~	BAzAyAm
10.0492	Deka	darzane
10.0493	-	-
10.0494	-	-
10.0495	-	-
10.0496	-	-
10.0497	-	-
10.0498	-	-
10.0499	-	-
10.0500	-	-
10.0501	-	-
10.0502	-	-
10.0503	-	-
10.0504	-	-
10.0505	-	-
10.0506	-	-
10.0507	-	-
10.0508	-	-
10.0509	-	-
